id,category,subtype,narrative_scale,tone_serious,tone_comic,tone_grim,tone_adventurous,tone_melodramatic,tone_pulpy,moral_idealist,moral_cynical,moral_corrupt,moral_redemptive,moral_lawful,moral_chaotic,realism_grounded,realism_heightened,realism_fantastical,realism_supernatural,realism_sci_fi,agency_type,core_drives,content_flags,genre_affinity,setting_affinity
ACCIDENTAL_HERO,protagonist,heroic_archetype,personal,0.6,0.2,0.2,0.7,0.3,0.1,0.8,0.2,0.0,0.6,0.7,0.3,active,justice;survival,,adventure;drama,modern;historical;fantasy
AMBITIOUS_WOMAN,protagonist,social_challenger,personal,0.7,0.1,0.1,0.3,0.4,0.1,0.6,0.3,0.0,0.5,0.4,0.6,active,power;freedom;justice,,drama;romance,modern;historical
ATTORNEY,protagonist,legal_figura,personal,0.8,0.1,0.1,0.2,0.2,0.1,0.9,0.1,0.0,0.3,0.8,0.2,active,justice;power,,legal;drama,modern
BOUNTY_HUNTER,protagonist,pragmatic_hero,personal,0.5,0.2,0.2,0.6,0.2,0.3,0.3,0.5,0.1,0.4,0.5,0.5,active,greed;justice;survival,,western;action;adventure,frontier;modern
BROTHERS_IN_ARMS,protagonist,loyal_group,societal,0.7,0.1,0.2,0.5,0.3,0.2,0.8,0.1,0.0,0.5,0.6,0.4,active,loyalty;sacrifice;justice,,war;action;drama,war;historical
CHARISMATIC_CRIMINAL,protagonist,antihero,personal,0.4,0.3,0.2,0.6,0.3,0.4,0.2,0.6,0.3,0.4,0.3,0.7,active,power;freedom;survival,,crime;drama;noir,urban;historical
CITY_MOUSE,protagonist,cultural_explorer,personal,0.5,0.3,0.1,0.4,0.2,0.1,0.4,0.3,0.0,0.3,0.5,0.5,reactive,adaptation;survival,,comedy;drama,urban;modern
CLUMSY_OAF,protagonist,comic_relief,personal,0.1,0.8,0.0,0.2,0.1,0.1,0.7,0.1,0.0,0.2,0.2,0.8,reactive,acceptance;friendship,,comedy,any
COP,protagonist,law_enforcer,local,0.8,0.1,0.3,0.3,0.1,0.1,0.8,0.2,0.1,0.3,0.9,0.1,active,justice;order,,crime;action;drama,urban;modern
COWBOY,protagonist,frontier_hero,local,0.6,0.2,0.2,0.8,0.2,0.3,0.7,0.2,0.0,0.5,0.4,0.6,active,freedom;justice;survival,,western;adventure,frontier;rural
CYNIC,protagonist,disillusioned,personal,0.7,0.1,0.3,0.2,0.4,0.1,0.2,0.7,0.1,0.3,0.3,0.7,reactive,truth;survival,,drama;noir,urban;modern
DARING_ADVENTURER,protagonist,action_hero,epic,0.5,0.2,0.1,0.9,0.2,0.3,0.6,0.2,0.0,0.4,0.3,0.7,active,adventure;glory;discovery,,adventure;action,any
DETECTIVE,protagonist,investigator,personal,0.8,0.1,0.3,0.4,0.2,0.2,0.7,0.3,0.0,0.5,0.6,0.5,active,justice;truth,,mystery;crime;drama,urban;historical
DIS_IDEALIST,protagonist,fallen_idealist,personal,0.7,0.1,0.2,0.2,0.5,0.1,0.3,0.6,0.0,0.5,0.4,0.6,reactive,truth;justice;redemption,,drama,modern;historical
FARM_GIRL,protagonist,innocent_hero,personal,0.5,0.2,0.1,0.3,0.4,0.1,0.8,0.1,0.0,0.3,0.6,0.5,reactive,love;simplicity;survival,,drama;romance,rural;historical
HOPELESS_ROMANTIC,protagonist,romantic_lead,personal,0.4,0.3,0.1,0.3,0.8,0.1,0.5,0.2,0.0,0.3,0.3,0.7,reactive,love;acceptance,,romance;drama,any
JOURNALIST,protagonist,truth_seeker,local,0.8,0.1,0.2,0.4,0.2,0.1,0.7,0.3,0.0,0.5,0.5,0.6,active,truth;justice;exposure,,drama;thriller,urban;modern
KNIGHT,protagonist,honorable_hero,epic,0.8,0.1,0.2,0.5,0.2,0.1,0.9,0.1,0.0,0.5,0.7,0.3,active,honor;justice;protection,,fantasy;adventure,medieval;fantasy
LAST_SURVIVOR,protagonist,trauma_hero,personal,0.8,0.0,0.4,0.3,0.3,0.2,0.5,0.4,0.0,0.6,0.4,0.6,reactive,survival;resistance;justice,,war;thriller;drama,post-apocalyptic;war
LOVEABLE_ROGUE,protagonist,charming_antihero,personal,0.4,0.4,0.1,0.6,0.2,0.3,0.3,0.5,0.2,0.5,0.3,0.7,active,freedom;pleasure;survival,,adventure;comedy;romance,any
OUTCAST,protagonist,social_exile,personal,0.7,0.1,0.3,0.4,0.3,0.1,0.4,0.5,0.0,0.6,0.3,0.7,reactive,acceptance;belonging;survival,,drama,any
PILOT,protagonist,technical_hero,local,0.6,0.2,0.2,0.7,0.1,0.2,0.6,0.3,0.0,0.5,0.5,0.6,active,skill;duty;adventure,,action;war;drama,modern;war
PIRATE,protagonist,rebel_hero,local,0.5,0.3,0.2,0.8,0.2,0.4,0.3,0.5,0.2,0.6,0.3,0.7,active,freedom;wealth;adventure,,adventure;action,sea;historical
RETIRED_LEGEND,protagonist,former_hero,personal,0.7,0.1,0.2,0.3,0.3,0.1,0.8,0.2,0.0,0.4,0.6,0.5,reactive,honor;redemption;legacy,,drama;action,any
SAILOR,protagonist,traveler,local,0.5,0.2,0.2,0.7,0.2,0.2,0.5,0.3,0.0,0.5,0.4,0.7,active,adventure;freedom;exploration,,adventure;drama,sea;historical
SECRET_AGENT,protagonist,covert_hero,local,0.7,0.1,0.3,0.5,0.1,0.3,0.6,0.4,0.0,0.5,0.4,0.7,active,duty;justice;secrets,,spy;action;thriller,modern;cold_war
SHERIFF,protagonist,local_authority,local,0.8,0.1,0.2,0.3,0.1,0.1,0.8,0.2,0.1,0.5,0.8,0.2,active,justice;order;protection,,western;crime;drama,rural;small_town
SOLDIER,protagonist,war_hero,epic,0.8,0.0,0.4,0.4,0.2,0.2,0.7,0.2,0.1,0.6,0.4,0.6,active,duty;honor;survival,,war;action;drama,war;historical
SOUTHERN_BELLE,protagonist,social_archetype,personal,0.6,0.2,0.1,0.2,0.4,0.1,0.5,0.3,0.0,0.3,0.4,0.7,reactive,tradition;status;love,,drama;romance,historical;rural
SPIRITED_YOUNG_LADY,protagonist,strong_willed,personal,0.5,0.2,0.1,0.5,0.3,0.1,0.7,0.2,0.0,0.4,0.4,0.7,active,independence;love;justice,,drama;romance;adventure,any
TOXIC_VIGILANTE,protagonist,moral_antihero,local,0.6,0.1,0.4,0.3,0.1,0.3,0.2,0.6,0.2,0.4,0.3,0.7,active,justice;vengeance;punishment,extreme_violence,action;crime;thriller,urban;modern
WARRIOR,protagonist,combat_hero,epic,0.7,0.0,0.3,0.6,0.1,0.2,0.8,0.2,0.0,0.5,0.4,0.6,active,honor;glory;survival,,action;fantasy;war,historical;fantasy
WAR_VETERAN,protagonist,trauma_survivor,personal,0.8,0.0,0.4,0.2,0.3,0.1,0.4,0.5,0.1,0.7,0.3,0.7,reactive,healing;redemption;survival,,drama;war,post-war;modern
WAR_WIDOW,protagonist,loss_survivor,personal,0.8,0.0,0.3,0.1,0.5,0.1,0.5,0.3,0.0,0.6,0.3,0.7,reactive,resilience;love;memory,,drama,post-war;historical
WAYWARD_SOUL,protagonist,searching_hero,personal,0.6,0.2,0.2,0.5,0.4,0.1,0.4,0.4,0.0,0.6,0.4,0.7,reactive,purpose;belonging;redemption,,drama;adventure,any
WHITE_COLLAR,protagonist,professional,personal,0.7,0.1,0.1,0.2,0.2,0.1,0.5,0.4,0.1,0.3,0.7,0.4,active,success;status;integrity,,drama;thriller,urban;modern
WORKING_MAN,protagonist,everyman,personal,0.7,0.2,0.1,0.2,0.3,0.1,0.8,0.1,0.0,0.3,0.8,0.3,active,survival;dignity;family,,drama,urban;industrial
ALIEN,antagonist,external_threat,epic,0.3,0.1,0.6,0.2,0.1,0.4,0.0,0.5,0.0,0.0,0.1,0.2,0.1,0.8,0.7,disruptive,fear;survival;curiosity,,sci-fi;horror,space;future
ANCIENT_EVIL,antagonist,abstract_threat,epic,0.5,0.0,0.8,0.1,0.1,0.3,0.0,0.5,0.5,0.0,0.1,0.1,0.2,0.8,0.3,oppressive,destruction;corruption;fear,,fantasy;horror,mythical;ancient
BANDIT,antagonist,local_threat,local,0.5,0.2,0.3,0.4,0.1,0.2,0.1,0.5,0.4,0.0,0.4,0.5,0.3,0.3,0.5,disruptive,greed;survival;chaos,,western;crime;action,rural;frontier
BARBARIAN_TRIBE,antagonist,collective_threat,societal,0.4,0.1,0.5,0.3,0.1,0.2,0.1,0.4,0.5,0.0,0.2,0.3,0.3,0.5,0.4,oppressive,conquest;tradition;survival,,fantasy;adventure,pre-historic;medieval
CORRUPT_OFFICIAL,antagonist,institutional_threat,local,0.8,0.1,0.3,0.1,0.1,0.2,0.1,0.7,0.8,0.0,0.5,0.5,0.2,0.1,0.3,oppressive,power;control;corruption,,crime;drama;thriller,urban;modern
CRIMINAL_GANG,antagonist,collective_threat,local,0.6,0.1,0.4,0.3,0.1,0.3,0.1,0.6,0.7,0.0,0.3,0.5,0.2,0.2,0.4,oppressive,power;control;survival,violence;crime,crime;urban;noir,urban
CRIMINAL_MASTERMIND,antagonist,strategic_threat,local,0.8,0.1,0.3,0.2,0.1,0.3,0.1,0.8,0.6,0.0,0.4,0.6,0.2,0.1,0.4,oppressive,power;intellect;control,,crime;thriller,urban;modern
ENEMY_ARMY,antagonist,collective_threat,epic,0.8,0.0,0.5,0.2,0.1,0.2,0.1,0.7,0.5,0.0,0.2,0.3,0.1,0.2,0.6,oppressive,conquest;destruction;survival,,war;epic,historical;war
ENEMY_FROM_THE_PAST,antagonist,personal_threat,personal,0.8,0.1,0.4,0.2,0.2,0.1,0.2,0.6,0.5,0.0,0.4,0.5,0.2,0.1,0.4,oppressive,vengeance;resolution;trauma,,drama;thriller,any
EVIL_MONSTER,antagonist,physical_threat,local,0.4,0.1,0.7,0.2,0.1,0.3,0.0,0.5,0.5,0.0,0.1,0.2,0.2,0.4,0.5,disruptive,fear;survival;destruction,,horror;fantasy,mythical;dark
EVIL_SORCERER,antagonist,magical_threat,epic,0.5,0.1,0.6,0.2,0.1,0.4,0.0,0.5,0.8,0.0,0.1,0.1,0.2,0.5,0.6,oppressive,power;control;destruction,,fantasy;horror,mythical;fantasy
EVIL_WITCH,antagonist,magical_threat,local,0.4,0.1,0.7,0.1,0.2,0.4,0.0,0.6,0.7,0.0,0.1,0.1,0.2,0.5,0.5,oppressive,manipulation;destruction;fear,sexual_content,fantasy;horror,mythical;dark
HEARTLESS_BUREAUCRAT,antagonist,institutional_threat,local,0.8,0.1,0.2,0.1,0.1,0.1,0.1,0.7,0.5,0.0,0.7,0.3,0.1,0.1,0.2,oppressive,control;order;indifference,,drama;satire,urban;modern
MAD_SCIENTIST,antagonist,scientific_threat,local,0.6,0.2,0.4,0.2,0.1,0.4,0.1,0.6,0.5,0.0,0.2,0.3,0.3,0.4,0.7,oppressive,knowledge;control;destruction,,sci-fi;horror,lab;future
MURDERER,antagonist,personal_threat,local,0.8,0.0,0.5,0.1,0.1,0.2,0.0,0.5,0.7,0.0,0.3,0.5,0.2,0.2,0.3,oppressive,violence;survival;justice,extreme_violence,crime;thriller,urban;any
OLD_FRIEND_ENEMY,antagonist,personal_threat,personal,0.8,0.1,0.4,0.2,0.3,0.1,0.3,0.5,0.5,0.2,0.5,0.4,0.2,0.1,0.3,oppressive,betrayal;resolution;grief,,drama,any
PATRIARCH,antagonist,authority_threat,local,0.7,0.1,0.3,0.1,0.2,0.1,0.2,0.6,0.5,0.0,0.6,0.4,0.1,0.1,0.2,oppressive,control;tradition;oppression,,drama,family;historical
PIRATE,antagonist,rebel_threat,local,0.5,0.2,0.3,0.7,0.1,0.3,0.2,0.5,0.4,0.0,0.3,0.5,0.2,0.3,0.5,disruptive,freedom;wealth;adventure,,adventure;action,sea;historical
REBELS,antagonist,collective_threat,societal,0.6,0.1,0.4,0.4,0.1,0.3,0.3,0.5,0.5,0.2,0.3,0.4,0.2,0.2,0.5,disruptive,freedom;justice;change,,war;action;drama,any
ROBOT,antagonist,technological_threat,epic,0.4,0.1,0.5,0.2,0.1,0.4,0.1,0.5,0.3,0.0,0.1,0.2,0.2,0.4,0.8,disruptive,control;destruction;survival,,sci-fi;action,future;space
RULE_ENFORCER,antagonist,authority_threat,local,0.8,0.1,0.2,0.1,0.1,0.1,0.2,0.6,0.6,0.0,0.7,0.3,0.1,0.1,0.2,oppressive,order;control;punishment,,crime;drama,urban;institutional
SERIAL_KILLER,antagonist,personal_threat,local,0.7,0.0,0.6,0.1,0.1,0.3,0.0,0.7,0.5,0.0,0.2,0.5,0.2,0.2,0.3,oppressive,violence;control;fear,extreme_violence;sexual_content,horror;crime;thriller,urban;modern
TRIBAL_CHIEF,antagonist,authority_threat,local,0.6,0.1,0.4,0.3,0.1,0.2,0.2,0.5,0.5,0.0,0.3,0.4,0.2,0.3,0.3,oppressive,tradition;power;control,,adventure;drama,pre-historic;tribal
TYRANT,antagonist,authority_threat,epic,0.8,0.0,0.5,0.2,0.1,0.2,0.0,0.8,0.7,0.0,0.2,0.3,0.1,0.2,0.5,oppressive,power;control;oppression,,epic;drama,historical;fantasy
UNDEAD,antagonist,supernatural_threat,local,0.3,0.1,0.7,0.2,0.1,0.4,0.0,0.5,0.5,0.0,0.1,0.1,0.2,0.6,0.4,disruptive,fear;destruction;survival,,horror;fantasy,mythical;dark
VAMPIRE,antagonist,supernatural_threat,local,0.5,0.1,0.6,0.2,0.3,0.4,0.1,0.6,0.4,0.0,0.2,0.2,0.2,0.5,0.4,disruptive,immortality;control;seduction,sexual_content,horror;gothic,any
VENGEFUL_SPIRIT,antagonist,supernatural_threat,local,0.4,0.1,0.7,0.1,0.2,0.3,0.1,0.6,0.4,0.0,0.1,0.2,0.2,0.5,0.3,disruptive,vengeance;justice;fear,,horror;fantasy,mythical;spiritual
WAR_CRIMINAL,antagonist,war_threat,local,0.8,0.0,0.5,0.2,0.1,0.2,0.0,0.7,0.6,0.0,0.2,0.3,0.1,0.2,0.4,oppressive,violence;control;survival,war_crime;extreme_violence,war;drama,war;historical
ANGRY_BOSS,supporting,authority_figura,personal,0.6,0.3,0.1,0.1,0.1,0.1,0.4,0.5,0.3,0.0,0.7,0.3,0.1,0.1,0.2,oppressive,control;respect;pressure,,comedy;drama,office;modern
ANNOYING_SUITOR,supporting,romantic_obstacle,personal,0.3,0.6,0.0,0.2,0.2,0.1,0.4,0.3,0.1,0.0,0.5,0.5,0.1,0.1,0.2,disruptive,persistence;obsession,,comedy;romance,any
BROTHER_IN_ARMS,supporting,loyal_companion,societal,0.7,0.1,0.2,0.5,0.2,0.1,0.8,0.1,0.0,0.5,0.6,0.4,0.1,0.1,0.3,guiding,loyalty;support;camaraderie,,war;action;drama,war;any
BUTLER,supporting,service_figura,personal,0.6,0.2,0.1,0.2,0.2,0.1,0.5,0.3,0.1,0.0,0.7,0.3,0.1,0.1,0.2,guiding,service;secrets;loyalty,,mystery;drama,estate;historical
CONCERNED_WIFE,supporting,emotional_support,personal,0.5,0.2,0.1,0.1,0.5,0.1,0.6,0.2,0.0,0.3,0.5,0.5,0.1,0.1,0.2,supportive,care;worry;family,,drama;romance,domestic;any
DAMSEL_IN_DISTRESS,supporting,vulnerable_figura,personal,0.4,0.2,0.2,0.3,0.3,0.1,0.5,0.3,0.0,0.3,0.4,0.5,0.2,0.1,0.3,reactive,protection;rescue;vulnerability,,adventure;romance,any
FEMME_FATALE,supporting,manipulative_figura,personal,0.5,0.2,0.2,0.3,0.3,0.4,0.2,0.6,0.3,0.0,0.4,0.4,0.2,0.2,0.4,disruptive,seduction;manipulation;secrets,sexual_content,noir;crime;drama,urban;modern
FIRST_VICTIM,supporting,plot_trigger,personal,0.7,0.1,0.4,0.2,0.2,0.1,0.4,0.4,0.3,0.0,0.5,0.4,0.2,0.1,0.3,reactive,innocence;vulnerability;justice,,crime;mystery;drama,any
KEY_WITNESS,supporting,plot_critical,personal,0.8,0.1,0.3,0.2,0.2,0.1,0.5,0.4,0.2,0.0,0.6,0.4,0.1,0.1,0.3,reactive,truth;justice;vulnerability,,crime;mystery;thriller,any
LOVE_INTEREST,supporting,romantic_figura,personal,0.4,0.3,0.1,0.3,0.6,0.1,0.5,0.2,0.0,0.3,0.3,0.7,0.1,0.1,0.3,supportive,love;connection;growth,,romance;drama,any
MENTOR,supporting,wise_guide,personal,0.8,0.1,0.2,0.3,0.2,0.1,0.9,0.1,0.0,0.5,0.7,0.3,0.1,0.1,0.2,guiding,wisdom;growth;guidance,,adventure;drama,any
MYSTERIOUS_GUIDE,supporting,ambiguous_guide,personal,0.6,0.2,0.3,0.4,0.2,0.2,0.4,0.4,0.1,0.0,0.5,0.5,0.2,0.2,0.3,guiding,knowledge;ambiguity;destiny,,fantasy;mystery;adventure,any
PARENT_FIGURE,supporting,family_authority,personal,0.7,0.1,0.2,0.1,0.3,0.1,0.6,0.3,0.0,0.3,0.7,0.3,0.1,0.1,0.2,guiding,care;authority;tradition,,drama,family;any
PATRIARCH,supporting,family_authority,local,0.8,0.0,0.2,0.1,0.1,0.1,0.3,0.6,0.5,0.0,0.7,0.3,0.1,0.1,0.2,oppressive,control;tradition;oppression,,drama,family;historical
RIVAL,supporting,competitive_figura,personal,0.6,0.2,0.2,0.4,0.2,0.2,0.5,0.4,0.1,0.0,0.6,0.4,0.1,0.1,0.3,disruptive,competition;improvement;respect,,drama;action,any
SHERIFF,supporting,local_authority,local,0.8,0.1,0.2,0.3,0.1,0.1,0.7,0.2,0.1,0.5,0.7,0.3,0.1,0.1,0.2,oppressive,justice;order;protection,,western;crime;drama,rural
SIDEKICK,supporting,loyal_companion,personal,0.5,0.3,0.1,0.5,0.2,0.2,0.7,0.2,0.0,0.4,0.5,0.5,0.1,0.1,0.3,supportive,loyalty;support;humor,,adventure;comedy;action,any
STEPCHILD,supporting,family_conflict,personal,0.6,0.2,0.2,0.2,0.3,0.1,0.4,0.4,0.1,0.0,0.6,0.4,0.1,0.1,0.3,disruptive,acceptance;belonging;conflict,,drama,family;any
STEPPARENT,supporting,family_conflict,personal,0.7,0.1,0.2,0.1,0.2,0.1,0.3,0.5,0.2,0.0,0.7,0.3,0.1,0.1,0.2,oppressive,authority;conflict;tradition,,drama,family;any
STRICT_PARENT,supporting,family_authority,personal,0.8,0.1,0.1,0.1,0.2,0.1,0.5,0.4,0.1,0.0,0.8,0.2,0.1,0.1,0.1,oppressive,control;tradition;discipline,,drama,family;any
VILLAINS_RIGHT_HAND,supporting,enforcer,local,0.8,0.1,0.3,0.3,0.1,0.2,0.1,0.7,0.6,0.0,0.4,0.5,0.2,0.2,0.3,oppressive,power;control;loyalty,,crime;action;drama,any
WIZARD,supporting,wise_figura,epic,0.7,0.2,0.2,0.3,0.2,0.3,0.8,0.1,0.0,0.5,0.3,0.5,0.2,0.5,0.3,guiding,wisdom;knowledge;power,,fantasy;adventure,mythical;fantasy
EVENTS_ACE_COMBAT,event,air_combat,epic,0.6,0.1,0.3,0.9,0.1,0.3,0.5,0.3,0.1,0.0,0.2,0.4,0.2,0.2,0.7,,action;skill;survival,extreme_violence,action;war,modern;war
EVENTS_AMBUSH,event,surprise_attack,local,0.7,0.1,0.4,0.6,0.1,0.2,0.3,0.5,0.2,0.0,0.3,0.5,0.2,0.2,0.4,,surprise;tension;survival,violence,action;war;thriller,any
EVENTS_ANCIENT_PUZZLE,event,intellectual_challenge,personal,0.5,0.2,0.2,0.5,0.2,0.3,0.4,0.3,0.1,0.0,0.4,0.4,0.3,0.5,0.2,,exploration;knowledge;mystery,,adventure;mystery,ancient;mythical
EVENTS_BANK_ROBBERY,event,crime_event,local,0.6,0.2,0.3,0.5,0.1,0.3,0.2,0.6,0.5,0.0,0.4,0.4,0.2,0.2,0.4,,greed;thrill;survival,violence;crime,crime;action;thriller,urban;modern
EVENTS_BAR_BRAWL,event,local_violence,local,0.4,0.4,0.2,0.5,0.1,0.2,0.3,0.4,0.3,0.0,0.5,0.5,0.2,0.2,0.3,,chaos;pride;survival,violence,action;comedy;drama,urban;rural
EVENTS_BIG_BATTLE_SCENES,event,large_scale_combat,epic,0.7,0.1,0.4,0.7,0.1,0.2,0.4,0.4,0.2,0.0,0.2,0.4,0.2,0.2,0.6,,survival;duty;glory,extreme_violence,war;action;epic,war;historical
EVENTS_CAPTURED_AND_TORTURED,event,extreme_violence,personal,0.8,0.0,0.6,0.1,0.2,0.3,0.1,0.6,0.5,0.0,0.2,0.5,0.2,0.2,0.3,,survival;resistance;pain,extreme_violence;torture,war;drama;thriller,any
EVENTS_CITY_SIEGE,event,large_scale_combat,societal,0.8,0.1,0.5,0.3,0.1,0.2,0.3,0.5,0.2,0.0,0.2,0.4,0.1,0.2,0.6,,survival;resistance;desperation,extreme_violence,war;action;epic,urban;historical
EVENTS_ESCAPE_CAPTIVITY,event,liberation,personal,0.7,0.2,0.3,0.6,0.2,0.2,0.4,0.4,0.2,0.0,0.3,0.6,0.2,0.2,0.4,,freedom;cleverness;survival,,action;thriller,any
EVENTS_FINAL_SHOWDOWN,event,climactic_confrontation,epic,0.8,0.1,0.4,0.6,0.2,0.2,0.5,0.5,0.0,0.5,0.3,0.5,0.2,0.2,0.5,,justice;vengeance;resolution,violence,action;drama;western,any
EVENTS_JOUSTING_TOURNAMENT,event,competition,local,0.5,0.2,0.2,0.6,0.2,0.2,0.7,0.2,0.1,0.0,0.4,0.5,0.2,0.2,0.4,,honor;skill;competition,,adventure;action,medieval;historical
EVENTS_PRISON_BREAK,event,liberation,local,0.7,0.2,0.3,0.5,0.2,0.3,0.3,0.5,0.2,0.0,0.4,0.5,0.2,0.2,0.4,,freedom;cleverness;survival,,action;crime;thriller,prison;modern
EVENTS_RESCUE_MISSION,event,heroic_action,local,0.7,0.1,0.3,0.6,0.3,0.2,0.6,0.3,0.1,0.0,0.4,0.6,0.2,0.2,0.4,,heroism;love;duty,,action;adventure;drama,any
EVENTS_SHOOTOUT,event,violent_confrontation,local,0.8,0.1,0.4,0.4,0.1,0.3,0.3,0.5,0.4,0.0,0.3,0.5,0.2,0.2,0.5,,survival;justice;vengeance,extreme_violence,western;action;crime,any
EVENTS_STAGECOACH_ROBBERY,event,crime_event,local,0.6,0.2,0.3,0.5,0.1,0.3,0.2,0.6,0.5,0.0,0.4,0.4,0.2,0.2,0.4,,greed;thrill;survival,violence;crime,western;historical
EVENTS_SURVIVAL_TOURNAMENT,event,competition,local,0.6,0.1,0.4,0.7,0.1,0.3,0.4,0.4,0.2,0.0,0.3,0.5,0.2,0.2,0.5,,survival;skill;competition,extreme_violence,action;adventure,any
EVENTS_TANK_COMBAT,event,mechanized_combat,epic,0.7,0.1,0.4,0.6,0.1,0.2,0.4,0.4,0.2,0.0,0.2,0.4,0.2,0.2,0.6,,survival;strategy;duty,extreme_violence,war;action,modern;war
EVENTS_THRILLING_CHASE,event,pursuit,local,0.7,0.2,0.3,0.8,0.2,0.2,0.4,0.4,0.2,0.0,0.4,0.6,0.2,0.2,0.4,,tension;cleverness;survival,,action;thriller,any
EVENTS_TRAIN_JOB,event,crime_event,local,0.6,0.2,0.3,0.5,0.1,0.3,0.2,0.6,0.5,0.0,0.4,0.4,0.2,0.2,0.4,,greed;thrill;survival,violence;crime,western;historical
EVENTS_WORLDWIDE_TRAVELING,event,exploration,epic,0.5,0.3,0.1,0.8,0.2,0.2,0.4,0.3,0.1,0.0,0.3,0.5,0.3,0.3,0.5,,adventure;discovery;growth,,adventure;comedy,any
EVENTS_RUNAWAY,event,flight,personal,0.6,0.2,0.3,0.5,0.3,0.1,0.3,0.4,0.3,0.0,0.4,0.5,0.3,0.2,0.2,0.4,,freedom;survival;new_beginning,,drama;action,any
THEME_AVENGING_LOVED_ONES,theme,emotional_motivation,personal,0.8,0.1,0.3,0.3,0.5,0.1,0.4,0.5,0.3,0.0,0.5,0.4,0.2,0.2,0.3,,vengeance;love;justice,,drama;action;thriller,any
THEME_A_CURSE,theme,supernatural_motivation,personal,0.5,0.1,0.6,0.2,0.2,0.3,0.2,0.5,0.5,0.0,0.2,0.3,0.2,0.5,0.3,,fear;destiny;redemption,,fantasy;horror,mythical;dark
THEME_DESTRUCTIVE_ROMANCE,theme,romantic_motivation,personal,0.6,0.1,0.4,0.2,0.7,0.2,0.2,0.6,0.4,0.0,0.4,0.5,0.2,0.2,0.4,,love;obsession;destruction,sexual_content,drama;romance,any
THEME_EVIL_TRANSFORMATION,theme,moral_motivation,personal,0.7,0.1,0.6,0.2,0.2,0.3,0.1,0.7,0.6,0.0,0.3,0.4,0.2,0.3,0.4,,corruption;power;redemption,,fantasy;horror;drama,any
THEME_FIGHT_FOR_FREEDOM,theme,social_motivation,societal,0.8,0.1,0.3,0.4,0.3,0.1,0.6,0.3,0.2,0.5,0.4,0.5,0.2,0.2,0.4,,freedom;oppression;resistance,,action;drama;war,any
THEME_FRAGMENTED_NARRATIVE,theme,structural_motivation,epic,0.6,0.2,0.3,0.3,0.2,0.3,0.3,0.4,0.3,0.0,0.4,0.4,0.3,0.3,0.5,,complexity;truth;memory,,experimental;mystery,any
THEME_FROM_SMALL_TOWN_TO_BIG_TIME,theme,personal_motivation,personal,0.5,0.3,0.1,0.5,0.4,0.1,0.6,0.2,0.1,0.5,0.5,0.4,0.2,0.2,0.4,,growth;ambition;adaptation,,drama;comedy,small_town;urban
THEME_GENERATIONAL_CONFLICT,theme,social_motivation,societal,0.7,0.1,0.3,0.2,0.3,0.1,0.4,0.5,0.3,0.0,0.5,0.4,0.3,0.2,0.2,0.3,,tradition;change;understanding,,drama,family;any
THEME_GOLD_FEVER,theme,material_motivation,societal,0.6,0.2,0.3,0.4,0.1,0.3,0.2,0.6,0.5,0.0,0.4,0.5,0.2,0.2,0.4,,greed;ambition;survival,,adventure;western;drama,frontier;historical
THEME_GREED,theme,material_motivation,personal,0.7,0.1,0.3,0.2,0.1,0.3,0.1,0.7,0.6,0.0,0.5,0.4,0.2,0.2,0.3,,desire;corruption;power,,drama;crime,any
THEME_LONG_JOURNEY,theme,personal_motivation,epic,0.6,0.2,0.2,0.8,0.2,0.2,0.5,0.3,0.1,0.5,0.4,0.5,0.3,0.3,0.5,,growth;discovery;redemption,,adventure;fantasy,any
THEME_LOVE_TRIANGLE,theme,romantic_motivation,personal,0.5,0.3,0.1,0.2,0.8,0.2,0.4,0.4,0.2,0.0,0.4,0.5,0.2,0.2,0.4,,love;jealousy;choice,,romance;drama,any
THEME_LOVERS_TAKE_A_BREAK,theme,romantic_motivation,personal,0.5,0.2,0.2,0.2,0.7,0.1,0.4,0.4,0.2,0.0,0.5,0.4,0.2,0.2,0.3,,love;conflict;growth,,romance;drama,any
THEME_MOB_WAR,theme,social_motivation,societal,0.8,0.1,0.4,0.3,0.1,0.2,0.3,0.6,0.5,0.0,0.3,0.5,0.2,0.2,0.4,,power;control;survival,violence;crime,crime;action;drama,urban;historical
THEME_ONE_LAST_JOB,theme,personal_motivation,personal,0.7,0.2,0.3,0.4,0.2,0.2,0.3,0.5,0.4,0.2,0.6,0.4,0.2,0.2,0.3,,redemption;skill;legacy,,action;crime;drama,any
THEME_PROTAGONIST_PASSES_THE_TORCH,theme,personal_motivation,personal,0.7,0.1,0.2,0.3,0.3,0.1,0.6,0.3,0.1,0.5,0.5,0.4,0.2,0.2,0.4,,legacy;growth;responsibility,,drama;adventure,any
THEME_PROTAGONIST_ROPED_BACK_IN,theme,personal_motivation,personal,0.7,0.2,0.3,0.4,0.2,0.2,0.4,0.5,0.3,0.0,0.5,0.5,0.2,0.2,0.4,,duty;conflict;reluctance,,action;drama,any
THEME_PROTECTING_THE_WITNESS,theme,heroic_motivation,personal,0.8,0.1,0.3,0.4,0.3,0.1,0.6,0.3,0.2,0.0,0.5,0.5,0.2,0.2,0.4,,justice;protection;truth,,crime;action;thriller,any
THEME_READJUSTING_TO_LIFE,theme,personal_motivation,personal,0.8,0.1,0.2,0.2,0.4,0.1,0.5,0.4,0.2,0.5,0.6,0.4,0.2,0.2,0.3,,healing;adaptation;growth,,drama,post-war;any
THEME_SEARCH_KILLER,theme,justice_motivation,local,0.8,0.1,0.4,0.3,0.2,0.2,0.5,0.5,0.3,0.0,0.5,0.5,0.2,0.2,0.4,,justice;truth;vengeance,,mystery;crime;thriller,any
THEME_SOCIAL_REJECTION,theme,social_motivation,personal,0.7,0.1,0.3,0.2,0.4,0.1,0.3,0.6,0.4,0.0,0.6,0.4,0.2,0.2,0.3,,belonging;identity;resilience,,drama,any
THEME_SPY_GAMES,theme,intrigue_motivation,local,0.7,0.2,0.3,0.5,0.2,0.3,0.4,0.5,0.3,0.0,0.4,0.6,0.2,0.2,0.4,,secrets;deception;loyalty,,spy;action;thriller,modern;cold_war
THEME_STRUGGLE_FOR_BETTER_LIFE,theme,personal_motivation,personal,0.8,0.1,0.2,0.3,0.3,0.1,0.7,0.2,0.1,0.5,0.6,0.4,0.2,0.2,0.3,,improvement;dream;perseverance,,drama,any
THEME_STRUGGLE_FOR_POWER,theme,personal_motivation,societal,0.7,0.1,0.4,0.3,0.2,0.3,0.2,0.7,0.6,0.0,0.4,0.5,0.2,0.2,0.4,,ambition;control;corruption,,drama;action;political,any
THEME_SURVIVING_IN_WARTIME,theme,social_motivation,societal,0.8,0.0,0.5,0.3,0.2,0.2,0.4,0.5,0.3,0.0,0.3,0.5,0.2,0.2,0.5,,survival;resistance;loss,war;extreme_violence,war;historical
THEME_TREASURE_HUNT,theme,material_motivation,epic,0.6,0.2,0.2,0.8,0.1,0.3,0.3,0.5,0.4,0.0,0.4,0.5,0.3,0.3,0.5,,adventure;greed;discovery,,adventure;action,any
THEME_UNIFORM_HEROISM,theme,heroic_motivation,epic,0.8,0.1,0.3,0.4,0.2,0.1,0.7,0.3,0.2,0.5,0.5,0.4,0.2,0.2,0.4,,duty;honor;sacrifice,,war;action;drama,war;historical
THEME_UNREQUITED_LOVE,theme,romantic_motivation,personal,0.6,0.2,0.2,0.2,0.8,0.1,0.4,0.4,0.2,0.0,0.5,0.4,0.2,0.2,0.3,,love;longing;acceptance,,romance;drama,any
THEME_WAR_IS_HELL,theme,social_motivation,epic,0.8,0.0,0.6,0.2,0.1,0.2,0.1,0.7,0.6,0.0,0.2,0.5,0.2,0.2,0.6,,horror;trauma;anti-war,extreme_violence;war,war;historical
THEME_WINNING_THE_BELOVED,theme,romantic_motivation,personal,0.5,0.3,0.1,0.3,0.7,0.1,0.6,0.3,0.1,0.0,0.5,0.5,0.2,0.2,0.3,,love;pursuit;victory,,romance;comedy;drama,any
THEME_WRONGFULLY_ACCUSED,theme,justice_motivation,personal,0.8,0.1,0.3,0.2,0.3,0.1,0.5,0.5,0.3,0.2,0.6,0.4,0.2,0.2,0.3,,justice;truth;redemption,,crime;drama;mystery,any
ANTAGONIST_DEFEATED_EVIL_PERSISTS,finale,ambiguous_ending,epic,0.6,0.1,0.5,0.2,0.2,0.3,0.2,0.5,0.5,0.0,0.3,0.4,0.2,0.3,0.5,,resolution;continuation;fear,,fantasy;horror;action,any
ANTAGONIST_ESCAPES_JUSTICE,finale,open_ending,local,0.7,0.2,0.3,0.3,0.1,0.2,0.1,0.6,0.6,0.0,0.4,0.4,0.2,0.2,0.4,,injustice;vengeance;pursuit,,crime;action;thriller,any
ANTAGONIST_GETS_KILLED,finale,justice_ending,local,0.8,0.1,0.4,0.2,0.2,0.2,0.3,0.5,0.5,0.5,0.5,0.4,0.2,0.2,0.3,,justice;vengeance;resolution,violence,action;crime;drama,any
ANTAGONIST_GETS_PUNISHED,finale,justice_ending,local,0.8,0.1,0.3,0.2,0.2,0.1,0.5,0.3,0.4,0.5,0.6,0.4,0.2,0.2,0.2,,justice;order;moral_victory,,crime;drama,any
ANTAGONIST_REPENTS,finale,redemption_ending,personal,0.7,0.2,0.2,0.2,0.5,0.1,0.4,0.4,0.5,0.5,0.6,0.4,0.2,0.2,0.2,,redemption;forgiveness;growth,,drama,any
BOY_BECOMES_MAN,finale,growth_ending,personal,0.7,0.1,0.2,0.4,0.3,0.1,0.6,0.3,0.1,0.5,0.7,0.3,0.2,0.2,0.2,,maturity;responsibility;legacy,,drama;adventure,any
COUPLE_GETS_MARRIED,finale,romantic_ending,personal,0.5,0.3,0.1,0.2,0.7,0.1,0.6,0.3,0.1,0.0,0.6,0.5,0.2,0.2,0.2,,love;commitment;happiness,,romance;drama,any
EVERYONE_LEARNS_A_LESSON,finale,moral_ending,societal,0.7,0.2,0.2,0.2,0.3,0.1,0.6,0.3,0.2,0.5,0.7,0.3,0.2,0.2,0.2,,growth;understanding;moral,,drama,any
EVIL_EXPOSED,finale,justice_ending,local,0.8,0.1,0.4,0.2,0.2,0.2,0.4,0.5,0.4,0.5,0.6,0.4,0.2,0.2,0.2,,justice;truth;victory,,mystery;crime;drama,any
FAMILY_REUNION,finale,emotional_ending,personal,0.6,0.2,0.1,0.2,0.6,0.1,0.7,0.2,0.1,0.0,0.7,0.5,0.2,0.2,0.1,,love;forgiveness;belonging,,drama,family;any
HAPPY_ENDING,finale,positive_ending,personal,0.5,0.3,0.1,0.3,0.5,0.1,0.7,0.2,0.1,0.0,0.8,0.5,0.2,0.2,0.1,,happiness;fulfillment;peace,,any,any
PROTAGONISTS_DREAMS_CRUSHED,finale,tragic_ending,personal,0.8,0.0,0.5,0.1,0.3,0.1,0.2,0.6,0.5,0.0,0.3,0.5,0.2,0.2,0.5,,loss;despair;failure,,drama;tragedy,any
PROTAGONIST_AVOIDS_PUNISHMENT,finale,ambiguous_ending,personal,0.7,0.2,0.3,0.3,0.2,0.2,0.3,0.5,0.4,0.0,0.5,0.5,0.2,0.2,0.3,,justice;moral_ambiguity;luck,,crime;drama,any
PROTAGONIST_COMMITS_SUICIDE,finale,tragic_ending,personal,0.9,0.0,0.6,0.1,0.2,0.1,0.1,0.7,0.6,0.0,0.2,0.5,0.2,0.2,0.5,,despair;guilt;escape,,drama;tragedy,any
PROTAGONIST_DIES_HEROICALLY,finale,heroic_ending,epic,0.8,0.1,0.4,0.3,0.3,0.1,0.7,0.3,0.2,0.5,0.6,0.4,0.2,0.2,0.4,,sacrifice;honor;legacy,violence,action;war;drama,any
PROTAGONIST_FINDS_LOVE,finale,romantic_ending,personal,0.5,0.3,0.1,0.3,0.8,0.1,0.6,0.3,0.1,0.0,0.7,0.5,0.2,0.2,0.1,,love;happiness;fulfillment,,romance;drama,any
PROTAGONIST_FINDS_TREASURE,finale,success_ending,epic,0.6,0.2,0.2,0.7,0.2,0.2,0.5,0.4,0.3,0.0,0.6,0.5,0.3,0.3,0.4,,success;reward;adventure,,adventure;action,any
PROTAGONIST_GETS_CHANCE_FOR_BETTER_LIFE,finale,positive_ending,personal,0.6,0.2,0.1,0.4,0.4,0.1,0.7,0.2,0.1,0.0,0.8,0.5,0.2,0.2,0.2,,hope;redemption;new_beginning,,drama,any
PROTAGONIST_GETS_PUNISHED_FOR_CRIME,finale,justice_ending,local,0.8,0.1,0.3,0.2,0.2,0.2,0.4,0.5,0.4,0.5,0.6,0.4,0.2,0.2,0.2,,justice;moral_responsibility;punishment,,crime;drama,any
PROTAGONIST_OVERCAME_SELFDOUBT,finale,growth_ending,personal,0.7,0.1,0.2,0.3,0.4,0.1,0.8,0.2,0.1,0.5,0.7,0.4,0.2,0.2,0.2,,growth;confidence;self-acceptance,,drama,any
PROTAGONIST_REFORMED,finale,redemption_ending,personal,0.7,0.1,0.2,0.2,0.4,0.1,0.8,0.2,0.1,0.5,0.7,0.4,0.2,0.2,0.2,,redemption;moral_growth;forgiveness,,drama,any
PROTAGONIST_RESCUES_HOSTAGE,finale,heroic_ending,local,0.8,0.1,0.3,0.5,0.2,0.2,0.7,0.3,0.2,0.0,0.6,0.5,0.2,0.2,0.4,,heroism;love;justice,,action;drama,any
PROTAGONIST_RESTORED_FAITH,finale,redemption_ending,personal,0.7,0.1,0.2,0.2,0.5,0.1,0.8,0.2,0.1,0.5,0.7,0.4,0.2,0.2,0.2,,faith;hope;redemption,,drama;fantasy,any
PROTAGONIST_RETIRES_FOR_GOOD,finale,closure_ending,personal,0.7,0.2,0.2,0.2,0.3,0.1,0.6,0.3,0.1,0.5,0.8,0.3,0.2,0.2,0.1,,peace;fulfillment;legacy,,drama;western,any
PROTAGONIST_RETURNS_HOME,finale,closure_ending,personal,0.7,0.1,0.2,0.3,0.3,0.1,0.7,0.2,0.1,0.0,0.8,0.5,0.2,0.2,0.2,,belonging;peace;completion,,drama;adventure,any
PROTAGONIST_TAKES_ANTAGONIST_WITH_THEM,finale,ambiguous_ending,epic,0.7,0.1,0.4,0.3,0.2,0.2,0.3,0.5,0.5,0.0,0.4,0.5,0.2,0.2,0.5,,justice;moral_ambiguity;responsibility,violence,action;drama,any
STARCROSSED_LOVERS,finale,tragic_ending,personal,0.8,0.1,0.2,0.2,0.7,0.1,0.4,0.4,0.3,0.0,0.5,0.5,0.2,0.2,0.3,,love;tragedy;fate,,romance;drama;tragedy,any
SWEETHEARTS_STAY_TOGETHER,finale,romantic_ending,personal,0.5,0.3,0.1,0.2,0.7,0.1,0.7,0.2,0.1,0.0,0.8,0.5,0.2,0.2,0.1,,love;commitment;happiness,,romance;drama,any
TREASURE_LOST_FOREVER,finale,tragic_ending,epic,0.7,0.1,0.3,0.4,0.2,0.2,0.3,0.5,0.4,0.0,0.4,0.5,0.3,0.3,0.5,,loss;failure;obsession,,adventure;drama,any
